,school_name,address,postal_code,mrt_desc,bus_desc,dgp_code,nature_code,mainlevel_code
0,NATIONAL JUNIOR COLLEGE,37 HILLCREST ROAD,288913,"BOTANIC GARDENS MRT, TAN KAH KEE MRT, SIXTH AVENUE MRT","151, 154, 156, 157, 170, 170X, 171, 174, 66, 67, 67A, 67W, 74, 852, 961, 961C",BUKIT TIMAH,CO-ED SCHOOL,MIXED LEVEL
1,TEMASEK JUNIOR COLLEGE,22 BEDOK SOUTH ROAD,469278,BEDOK MRT,"12, 16, 31, 38, 47, 137, 155, 196, 197, 229",BEDOK,CO-ED SCHOOL,MIXED LEVEL
2,VICTORIA JUNIOR COLLEGE,20 MARINE VISTA,449035,"Nearest MRT Stations:  Kembangan, Eunos","13, 16, 31, 36, 43, 48, 55, 135, 196, 196e, 197",BEDOK,CO-ED SCHOOL,JUNIOR COLLEGE
3,EUNOIA JUNIOR COLLEGE,53 MOUNT SINAI ROAD,276880,"Buona Vista MRT Station, Dover MRT Station","92, 100, 105, 106, 111, 147, 185",BISHAN,CO-ED SCHOOL,JUNIOR COLLEGE
4,ANDERSON SERANGOON JUNIOR COLLEGE,4500 ANG MO KIO AVENUE 6,569843,Yio Chu Kang MRT Station,"13, 45, 86, 162, 269, 825, 851, 852, 853",ANG MO KIO,CO-ED SCHOOL,JUNIOR COLLEGE
5,YISHUN INNOVA JUNIOR COLLEGE,3 YISHUN RING ROAD,768675,"Yishun, Khatib","800, 812, 167, 169, 171, 980",YISHUN,CO-ED SCHOOL,JUNIOR COLLEGE
6,TAMPINES MERIDIAN JUNIOR COLLEGE,21 PASIR RIS STREET 71,518799,Pasir Ris MRT Station,"3, 39, 53, 81, 89, 109, 358, 518",PASIR RIS,CO-ED SCHOOL,JUNIOR COLLEGE
7,JURONG PIONEER JUNIOR COLLEGE,21 TECK WHYE WALK,688258,Choa Chu Kang / Bt Panjang / Phoenix Station (LRT),"975, 190, 985",CHOA CHU KANG,CO-ED SCHOOL,JUNIOR COLLEGE
8,CATHOLIC JUNIOR COLLEGE,129 WHITLEY ROAD,297822,Toa Payoh MRT Station Novena MRT Station Orchard MRT Station,"105, 132, 151, 153, 154, 156, 186, 996, 985",NOVENA,CO-ED SCHOOL,JUNIOR COLLEGE
9,ANGLO-CHINESE JUNIOR COLLEGE,25 DOVER CLOSE EAST,139745,Buona Vista,"74,95,100,105,106,111,145,147,191,196,198,602",QUEENSTOWN,CO-ED SCHOOL,JUNIOR COLLEGE
10,ST. ANDREW'S JUNIOR COLLEGE,5 SORBY ADAMS DRIVE,357691,Potong Pasir NE10,"SBSTransit: 8, 26, 31, 90, 142 ,151, 154 (Diocese of Singapore) SMRT Buses:  857, 966, 985 (Diocese of Singapore),  853 (Upper Serangoon Road)",TOA PAYOH,CO-ED SCHOOL,JUNIOR COLLEGE
11,NANYANG JUNIOR COLLEGE,128 SERANGOON AVENUE 3,556111,2-minute walk from the Lorong Chuan MRT Station (Circle Line),"22, 24, 53, 73, 133, 105, 135, 136, 156, 853",SERANGOON,CO-ED SCHOOL,JUNIOR COLLEGE
12,HWA CHONG INSTITUTION,661 BUKIT TIMAH ROAD,269734,TAN KAH KEE MRT,"66, 67, 74, 151, 154, 156, 157, 170, 171, 174, 852, 961",BUKIT TIMAH,CO-ED SCHOOL,MIXED LEVEL
13,MILLENNIA INSTITUTE,60 BUKIT BATOK WEST AVENUE 8,658965,Bukit Batok (NS-2),"66, 157, 174, 174E, 506 , 178, 941, 174M - Night",BUKIT BATOK,CO-ED SCHOOL,CENTRALISED INSTITUTE
14,BUKIT PANJANG PRIMARY SCHOOL,109 CASHEW ROAD,679676,From Pending LRT station to Choa Chu Kang MRT station,"75, 184",BUKIT PANJANG,CO-ED SCHOOL,PRIMARY
15,HAIG GIRLS' SCHOOL,51 KOON SENG ROAD,427072,"Eunos, Dakota","16,33",GEYLANG,GIRLS' SCHOOL,PRIMARY
16,TECK WHYE PRIMARY SCHOOL,11 TECK WHYE WALK,688261,Chua Chu Kang MRT & LRTs,"975, 190 & 985",CHOA CHU KANG,CO-ED SCHOOL,PRIMARY
17,JURONG PRIMARY SCHOOL,320 JURONG EAST STREET 32,609476,"Lakeside MRT Station, Jurong East MRT Station",333,JURONG EAST,CO-ED SCHOOL,PRIMARY
18,QUEENSTOWN PRIMARY SCHOOL,310 MARGARET DR,149303,Queenstown MRT,"32, 111, 145, 195",QUEENSTOWN,CO-ED SCHOOL,PRIMARY
19,RADIN MAS PRIMARY SCHOOL,1 BUKIT PURMEI AVENUE,99840,Tiong Bahru MRT HarbourFront MRT,"SBS 123, 131, 275 SBS 65",BUKIT MERAH,CO-ED SCHOOL,PRIMARY
20,RAFFLES GIRLS' PRIMARY SCHOOL,21 HILLCREST ROAD,289072,TAN KAH KEE MRT STATION,"66, 67, 74, 151, 154, 156, 157, 170, 171, 174, 852, 961",BUKIT TIMAH,GIRLS' SCHOOL,PRIMARY
21,ROSYTH SCHOOL,21 SERANGOON NORTH AVENUE 4,555855,"Ang Mo Kio, Serangoon","73, 315, 116",SERANGOON,CO-ED SCHOOL,PRIMARY
22,DAMAI PRIMARY SCHOOL,52 BEDOK RESERVOIR CRESCENT,479226,Bedok North MRT Station,"Bus 228,66,65,22,21,5 and 506",BEDOK,CO-ED SCHOOL,PRIMARY
23,FUHUA PRIMARY SCHOOL,65 JURONG EAST STREET 13,609647,JURONG EAST MRT STATION,"51,66,66B,78,79,97,97A,98,105,105B,143,176,197,333,334,335,506",JURONG EAST,CO-ED SCHOOL,PRIMARY
24,WOODLANDS PRIMARY SCHOOL,10 WOODLANDS DRIVE 50,738853,Woodlands,912 & 912E,WOODLANDS,CO-ED SCHOOL,PRIMARY
25,EUNOS PRIMARY SCHOOL,95 JALAN EUNOS,419529,Nearest MRT Station - Eunos,"Bus Services (SBS): 15, 21, 25, 51, 55, 63, 93, 94, 60 Bus Services (SMRT) : 61, 854, 966",GEYLANG,CO-ED SCHOOL,PRIMARY
26,HENRY PARK PRIMARY SCHOOL,1 HOLLAND GROVE ROAD,278790,"Buona Vista MRT, Clementi MRT","7, 61, 75, 156, 157, 165, 92",BUKIT TIMAH,CO-ED SCHOOL,PRIMARY
27,BENDEMEER PRIMARY SCHOOL,91 BENDEMEER ROAD,339948,"Boon Keng, Kallang","13 23 31 61 64 65 65M 66 125, 125X ,133,140,147,853,857,985",KALLANG,CO-ED SCHOOL,PRIMARY
28,CORPORATION PRIMARY SCHOOL,31 JURONG WEST STREET 24,648347,BOON LAY STATION LAKESIDE STATION,"157 (from Boon Lay Interchange), or 185",JURONG WEST,CO-ED SCHOOL,PRIMARY
29,YIO CHU KANG PRIMARY SCHOOL,1 HOUGANG STREET 51,538720,Hougang MRT Station Yio Chu Kang MRT Station,"88,101,109,159,161 and 325",HOUGANG,CO-ED SCHOOL,PRIMARY
30,BLANGAH RISE PRIMARY SCHOOL,91 TELOK BLANGAH HEIGHTS,109100,"Telok Blangah, Tiong Bahru & Redhill",SBS 273 & 124,BUKIT MERAH,CO-ED SCHOOL,PRIMARY
31,ANG MO KIO PRIMARY SCHOOL,20 ANG MO KIO AVENUE 3,569920,Ang Mo Kio MRT Station,"76,132,165,166,169,265,268,269",ANG MO KIO,CO-ED SCHOOL,PRIMARY
32,MAYFLOWER PRIMARY SCHOOL,200 ANG MO KIO AVE 5,569878,Yio Chu Kang MRT Station.,"13,86,138,162,269,851,852,853.",ANG MO KIO,CO-ED SCHOOL,PRIMARY
33,TECK GHEE PRIMARY SCHOOL,1 ANG MO KIO STREET 32,569299,Ang Mo Kio & Bishan,"22,24,135,853,162,262,159",ANG MO KIO,CO-ED SCHOOL,PRIMARY
34,TEMASEK PRIMARY SCHOOL,501 BEDOK SOUTH AVE 3,469300,Tanah Merah MRT,"229, 10, 14, 13, 48, 43, 506",BEDOK,CO-ED SCHOOL,PRIMARY
35,SI LING PRIMARY SCHOOL,61 WOODLANDS AVENUE 1,739067,Woodlands,912 from Woodlands Interchange,WOODLANDS,CO-ED SCHOOL,PRIMARY
36,JING SHAN PRIMARY SCHOOL,5 ANG MO KIO ST 52,569228,Ang Mo Kio MRT,Bus 265,ANG MO KIO,CO-ED SCHOOL,PRIMARY
37,YISHUN PRIMARY SCHOOL,500 YISHUN RING ROAD,768679,Yishun,Translink Feeder Service 800 & 812,YISHUN,CO-ED SCHOOL,PRIMARY
38,STAMFORD PRIMARY SCHOOL,1 VICTORIA LANE,198423,Bugis MRT Station.,"Along Victoria Street:2,7,12,32,33,61,62,63,80,130,133,145,197,NR8.",CENTRAL,CO-ED SCHOOL,PRIMARY
39,FERNVALE PRIMARY SCHOOL,1 FERNVALE LANE,797701,Fernvale LRT (Sengkang West Loop),"Sengkang and Toa Payoh interchange - no 163, Along Yio Chu Kang Road, - no 70, 86, 103 and 854.",SENG KANG,CO-ED SCHOOL,PRIMARY
40,TOWNSVILLE PRIMARY SCHOOL,3 ANG MO KIO AVE 10,569730,"Bishan MRT, Ang Mo Kio MRT Stations","45, 50, 55, 261, 548, 22, 24, 128, 135, 159, 162, 162M, 262, 853",ANG MO KIO,CO-ED SCHOOL,PRIMARY
41,RULANG PRIMARY SCHOOL,6 JURONG WEST STREET 52,649295,Lakeside,SBS 335,JURONG WEST,CO-ED SCHOOL,PRIMARY
42,QIFA PRIMARY SCHOOL,50 WEST COAST AVENUE,128104,Clementi MRT Station,"30,51,78,143,285",CLEMENTI,CO-ED SCHOOL,PRIMARY
43,ZHANGDE PRIMARY SCHOOL,51 JALAN MEMBINA,169485,Tiong Bahru MRT Station,"16,33,63,123,195,605,851,14,65,147,167,196,197,961",BUKIT MERAH,CO-ED SCHOOL,PRIMARY
44,TAMPINES PRIMARY SCHOOL,250 TAMPINES STREET 12,529426,Tampines MRT,"8, 10, 17,18, 27, 31, 65, 292, 293, or any bus going into Tampines Interchange",TAMPINES,CO-ED SCHOOL,PRIMARY
45,CHONGZHENG PRIMARY SCHOOL,1 TAMPINES STREET 21,529392,Tampines MRT Station,"3,17,18",TAMPINES,CO-ED SCHOOL,PRIMARY
46,XINGHUA PRIMARY SCHOOL,45 HOUGANG AVENUE 1,538882,Kovan MRT Station,"Bus services 53, 62, 112, 113, 115",HOUGANG,CO-ED SCHOOL,PRIMARY
47,JIEMIN PRIMARY SCHOOL,2 YISHUN STREET 71,768515,Yishun MRT Station,"167,169,171,800,811,812,856,858,859,969,980",YISHUN,CO-ED SCHOOL,PRIMARY
48,FUCHUN PRIMARY SCHOOL,23 WOODLANDS AVENUE 1,739063,Marsiling,"187,856,912,925,950,960,961,963,963E,963R,966",WOODLANDS,CO-ED SCHOOL,PRIMARY
49,BUKIT VIEW PRIMARY SCHOOL,18 BUKIT BATOK STREET 21,659634,Bukit Batok MRT Station,"173,157,178,852,66,106,61,506,963,77",BUKIT BATOK,CO-ED SCHOOL,PRIMARY
50,CEDAR PRIMARY SCHOOL,15 CEDAR AVENUE,349700,Potong Pasir MRT Station,8; 61; 65; 66; 100; 135; 154;,TOA PAYOH,CO-ED SCHOOL,PRIMARY
51,OPERA ESTATE PRIMARY SCHOOL,48 FIDELIO STREET,458436,"Bedok, Kembangan",42,BEDOK,CO-ED SCHOOL,PRIMARY
52,RIVER VALLEY PRIMARY SCHOOL,2 RIVER VALLEY GREEN,237993,Somerset MRT,"5, 16, 32, 54, 65, 75, 175, 970",CENTRAL,CO-ED SCHOOL,PRIMARY
53,TELOK KURAU PRIMARY SCHOOL,50 BEDOK RESERVOIR RD,479239,Eunos MRT (nearest),"8, 15, 22, 55, 65, 60,66, 87 & 506",BEDOK,CO-ED SCHOOL,PRIMARY
54,YUMIN PRIMARY SCHOOL,3 TAMPINES STREET 21,529393,Tampines MRT Station,na,TAMPINES,CO-ED SCHOOL,PRIMARY
55,SHUQUN PRIMARY SCHOOL,8 JURONG WEST STREET 51,649332,W11 Lakeside,"98, 187, 335",JURONG WEST,CO-ED SCHOOL,PRIMARY
56,GAN ENG SENG PRIMARY SCHOOL,100 REDHILL CLOSE,158901,Redhill,"14, 63, 147, 196, 197, 855, 961",BUKIT MERAH,CO-ED SCHOOL,PRIMARY
57,GONGSHANG PRIMARY SCHOOL,1 TAMPINES STREET 42,529176,Tampines,"8,18,21,38,81",TAMPINES,CO-ED SCHOOL,PRIMARY
58,HUAMIN PRIMARY SCHOOL,530 YISHUN RING ROAD,768680,Yishun MRT Station,"806, 804",YISHUN,CO-ED SCHOOL,PRIMARY
59,XISHAN PRIMARY SCHOOL,8 YISHUN STREET 21,768611,Yishun MRT Station,"SMRT 800,801 from Yishun Interchange",YISHUN,CO-ED SCHOOL,PRIMARY
60,PRINCESS ELIZABETH PRIMARY SCHOOL,30 BUKIT BATOK WEST AVENUE 3,659163,Bukit Batok MRT Station,"Bus 174, 157, 178, 66, 941",BUKIT BATOK,CO-ED SCHOOL,PRIMARY
61,DAZHONG PRIMARY SCHOOL,35 BUKIT BATOK STREET 31,659441,Bukit Gombak,"187, 188",BUKIT BATOK,CO-ED SCHOOL,PRIMARY
62,BEDOK GREEN PRIMARY SCHOOL,1 BEDOK SOUTH AVE 2,469317,"Bedok MRT Station, Tanah Merah MRT Station","Bus No. 2, 9, 12, 24, 31, 34 & 38",BEDOK,CO-ED SCHOOL,PRIMARY
63,LIANHUA PRIMARY SCHOOL,2 BUKIT BATOK STREET 52,659243,Bukit Gombak/Bukit Batok,945,BUKIT BATOK,CO-ED SCHOOL,PRIMARY
64,ZHONGHUA PRIMARY SCHOOL,12 SERANGOON AVENUE 4,556095,"Ang Mo Kio MRT, Bishan MRT, Serangoon MRT","Boundary Road: 22,24,53,105,156,315,853,501,502 Yio Chu Kang Road: 70,76,103,147,156,501,502",SERANGOON,CO-ED SCHOOL,PRIMARY
65,PEIYING PRIMARY SCHOOL,651 YISHUN RING ROAD,768687,Khatib,"851, 852, 853, 854, 855",YISHUN,CO-ED SCHOOL,PRIMARY
66,KEMING PRIMARY SCHOOL,90 BUKIT BATOK EAST AVENUE 6,659762,Bukit Batok,"61,66,77,106,157,174,178,963",BUKIT BATOK,CO-ED SCHOOL,PRIMARY
67,CHANGKAT PRIMARY SCHOOL,11 SIMEI ST 3,529896,Simei MRT Station,"9,38,5",TAMPINES,CO-ED SCHOOL,PRIMARY
68,ZHENGHUA PRIMARY SCHOOL,9 FAJAR ROAD,679002,LRT: Fajar Station,"190, 184, 187, 700, 700A, 921",BUKIT PANJANG,CO-ED SCHOOL,PRIMARY
69,SOUTH VIEW PRIMARY SCHOOL,6 CHOA CHU KANG CENTRAL,689762,Choa Chu Kang MRT Station,307 / South View LRT Station,CHOA CHU KANG,CO-ED SCHOOL,PRIMARY
70,PASIR RIS PRIMARY SCHOOL,5 PASIR RIS STREET 21,518968,Pasir Ris MRT,3,PASIR RIS,CO-ED SCHOOL,PRIMARY
71,CHUA CHU KANG PRIMARY SCHOOL,20 CHOA CHU KANG AVENUE 2,689905,Choa Chu Kang MRT Station and Southview LRT Station,Bus Service 300,CHOA CHU KANG,CO-ED SCHOOL,PRIMARY
72,GREENRIDGE PRIMARY SCHOOL,11 JELAPANG ROAD,677744,"Senja LRT station, Jelapang LRT Station","Bus 920, 922, 972",BUKIT PANJANG,CO-ED SCHOOL,PRIMARY
73,FARRER PARK PRIMARY SCHOOL,2 FARRER PARK ROAD,217567,Farrer Park MRT Station,131,KALLANG,CO-ED SCHOOL,PRIMARY
74,BUKIT TIMAH PRIMARY SCHOOL,111 LORONG KISMIS,598112,"Beauty World, Bukit Batok and Clementi Stations",173,BUKIT TIMAH,CO-ED SCHOOL,PRIMARY
75,LAKESIDE PRIMARY SCHOOL,161 CORPORATION WALK,618310,Lakeside MRT,"98, 98A, 30",JURONG WEST,CO-ED SCHOOL,PRIMARY
76,BEACON PRIMARY SCHOOL,36 BUKIT PANJANG RING ROAD,679944,Bangkit LRT,"920, 922",BUKIT PANJANG,CO-ED SCHOOL,PRIMARY
77,INNOVA PRIMARY SCHOOL,80 WOODLANDS DRIVE 17,737888,Woodlands,"900A (weekdays only - 7.00 am to 8.30 am & 4.30 pm to 6.30 pm), 901",WOODLANDS,CO-ED SCHOOL,PRIMARY
78,GREENDALE PRIMARY SCHOOL,50 EDGEDALE PLAINS,828848,Punggol LRT:  Coral Edge,"3,62, 83, 85, 389",PUNGGOL,CO-ED SCHOOL,PRIMARY
79,ENDEAVOUR PRIMARY SCHOOL,10 ADMIRALTY LINK,757521,Sembawang MRT Station,"859, 962",SEMBAWANG,CO-ED SCHOOL,PRIMARY
80,NORTH VISTA PRIMARY SCHOOL,20 COMPASSVALE LINK,544974,"Buangkok MRT (NE15), Ranggung LRT (SE5)",na,SENG KANG,CO-ED SCHOOL,PRIMARY
81,ANCHOR GREEN PRIMARY SCHOOL,31 ANCHORVALE DRIVE,544969,MRT : NE16-Sengkang LRT : SW7-TongKang,Bus 163 & 372,SENG KANG,CO-ED SCHOOL,PRIMARY
82,HORIZON PRIMARY SCHOOL,61 EDGEDALE PLAINS,828819,Punggol MRT Station,"83, 85, 3",PUNGGOL,CO-ED SCHOOL,PRIMARY
83,CANTONMENT PRIMARY SCHOOL,1 CANTONMENT CLOSE,88256,Tanjong Pagar Outram,na,BUKIT MERAH,CO-ED SCHOOL,PRIMARY
84,FRONTIER PRIMARY SCHOOL,20 JURONG WEST STREET 61,648200,Pioneer MRT Station (EW28),241,JURONG WEST,CO-ED SCHOOL,PRIMARY
85,WESTWOOD PRIMARY SCHOOL,1 JURONG WEST STREET 73,649188,Boon Lay MRT Station,"181, 502 & 243",JURONG WEST,CO-ED SCHOOL,PRIMARY
86,PUNGGOL GREEN PRIMARY SCHOOL,98 PUNGGOL WALK,828772,Punggol MRT Station,na,PUNGGOL,CO-ED SCHOOL,PRIMARY
87,PUNGGOL VIEW PRIMARY SCHOOL,9 PUNGGOL PLACE,828845,Punggol MRT Station,50 382,PUNGGOL,CO-ED SCHOOL,PRIMARY
88,SENGKANG GREEN PRIMARY SCHOOL,15 FERNVALE ROAD,797636,Fernvale LRT (SW5) - (Sengkang West Loop),"Sengkang and Toa Payoh interchange - no 163, Along Yio Chu Kang Road, - no 70, 86, 103 and 854.Punggol Temp Interchange to Bishan Interchange - Bus 50",SENG KANG,CO-ED SCHOOL,PRIMARY
89,SPRINGDALE PRIMARY SCHOOL,71 ANCHORVALE LINK,544799,Sengkang Station (NE16)  Nearest LRT station: Farmway  *10-15 min walk from either station,"50, 85, 102, 372    Nearest Bus Stop: In front of Blk 326 Car Park  *1-2 min walk from bus stop; enter by Main Gate along Anchorvale Link or Rear Gate",SENG KANG,CO-ED SCHOOL,PRIMARY
90,PALM VIEW PRIMARY SCHOOL,150 COMPASSVALE BOW,544822,Buangkok,"27,43,109,156,159,161,163,163M,550",SENG KANG,CO-ED SCHOOL,PRIMARY
91,RIVERSIDE PRIMARY SCHOOL,110 WOODLANDS CRESCENT,737803,Admiralty MRT Station,Bus No 913 and Bus No 964,WOODLANDS,CO-ED SCHOOL,PRIMARY
92,WEST SPRING PRIMARY SCHOOL,60 BUKIT PANJANG RING ROAD,679946,Jelapang LRT,"920, 922",BUKIT PANJANG,CO-ED SCHOOL,PRIMARY
93,ALEXANDRA PRIMARY SCHOOL,2A PRINCE CHARLES CRESCENT,159016,Redhill Station  Tiong Bahru Station,"51, 139, 186, 970.",BUKIT MERAH,CO-ED SCHOOL,PRIMARY
94,NORTHOAKS PRIMARY SCHOOL,61 SEMBAWANG DRIVE,757622,Sembawang MRT,Bus number 962,SEMBAWANG,CO-ED SCHOOL,PRIMARY
95,ANGSANA PRIMARY SCHOOL,3 TAMPINES STREET 22,529366,Tampines and Simei Stations,"Bus Service 8, 17, 18, 28, 34, 39, 59, 518, Feeder Bus Service 292",TAMPINES,CO-ED SCHOOL,PRIMARY
96,PUNGGOL COVE PRIMARY SCHOOL,52 SUMANG WALK,828674,Nibong LRT Station,na,PUNGGOL,CO-ED SCHOOL,PRIMARY
97,OASIS PRIMARY SCHOOL,71 EDGEFIELD PLAINS,828716,Damai LRT Station,"50, 386",PUNGGOL,CO-ED SCHOOL,PRIMARY
98,WATERWAY PRIMARY SCHOOL,70 PUNGGOL DRIVE,828802,Kadaloor LRT Station,"50, 381",PUNGGOL,CO-ED SCHOOL,PRIMARY
99,FERN GREEN PRIMARY SCHOOL,70 FERNVALE LINK,797538,Kupang LRT Station (SW3),"85, 102",SENG KANG,CO-ED SCHOOL,PRIMARY
100,FIRST TOA PAYOH PRIMARY SCHOOL,7 LORONG 8 TOA PAYOH,319252,Braddell & Toa Payoh Stations,"157,153,105,159,88,FS238",TOA PAYOH,CO-ED SCHOOL,PRIMARY
101,NEW TOWN PRIMARY SCHOOL,300 TANGLIN HALT ROAD,148812,Commonwealth MRT Station,"SBS Numbers 32, 100, 105, 111, 145, 147, 195, 196, 198, 855",QUEENSTOWN,CO-ED SCHOOL,PRIMARY
102,BOON LAY GARDEN PRIMARY SCHOOL,20 BOON LAY DRIVE,649930,Lakeside & Boon Lay,"30,99,154,178,180,187,240,246",JURONG WEST,CO-ED SCHOOL,PRIMARY
103,MARSILING PRIMARY SCHOOL,31 WOODLANDS CENTRE ROAD,738927,Marsiling MRT Station,"856, 911, 912",WOODLANDS,CO-ED SCHOOL,PRIMARY
104,PEI TONG PRIMARY SCHOOL,15 CLEMENTI AVENUE 5,129857,Clementi,"7, 184, 282",CLEMENTI,CO-ED SCHOOL,PRIMARY
105,YUHUA PRIMARY SCHOOL,158 JURONG EAST STREET 24,609558,"Jurong East, Bukit Batok","98,98A,187,333,502,507,NR5",JURONG EAST,CO-ED SCHOOL,PRIMARY
106,FENGSHAN PRIMARY SCHOOL,307 BEDOK NORTH ROAD,469680,Bedok MRT,"18, 228, 222, 17, 69, 66, 67, 168, 28, 506, 14, 45",BEDOK,CO-ED SCHOOL,PRIMARY
107,YU NENG PRIMARY SCHOOL,56 BEDOK NORTH ST 3,469623,Bedok MRT Station,"14, 17, 18, 28, 66, 67, 69, 225",BEDOK,CO-ED SCHOOL,PRIMARY
108,XINMIN PRIMARY SCHOOL,9 HOUGANG AVENUE 8,538784,Nil,"74, 147, 165, 112",HOUGANG,CO-ED SCHOOL,PRIMARY
109,YANGZHENG PRIMARY SCHOOL,15 SERANGOON AVENUE 3,556108,Serangoon Station,"58 & 105 (Outside the school, Serangoon Ave 3) 133 & 135(Serangoon Ave 2)",SERANGOON,CO-ED SCHOOL,PRIMARY
110,JUYING PRIMARY SCHOOL,31 JURONG WEST STREET 91,649037,Boon Lay MRT Station (Jurong Point),SBS 99 (From Clementi Inter-change) SBS 241 (From Boon Lay Inter-change),JURONG WEST,CO-ED SCHOOL,PRIMARY
111,JUNYUAN PRIMARY SCHOOL,2 TAMPINES STREET 91,528906,Tampines,"5, 8, 10, 15, 18, 21, 22, 23, 27, 28, 31, 34, 39, 59, 65, 67, 168, 292, 293",TAMPINES,CO-ED SCHOOL,PRIMARY
112,NORTHLAND PRIMARY SCHOOL,15 YISHUN AVENUE 4,769026,Yishun MRT Station,812 (next to bus service number 171) at Yishun Interchange,YISHUN,CO-ED SCHOOL,PRIMARY
113,NAVAL BASE PRIMARY SCHOOL,7 YISHUN AVE 4,769028,Yishun MRT Station,Feeder bus No. 811 from Yishun Interchange.,YISHUN,CO-ED SCHOOL,PRIMARY
114,XINGNAN PRIMARY SCHOOL,5 JURONG WEST STREET 91,649036,Pioneer MRT Station,Bus 99 & 241,JURONG WEST,CO-ED SCHOOL,PRIMARY
115,QIHUA PRIMARY SCHOOL,5 WOODLANDS STREET 81,738525,Woodlands MRT Station,911,WOODLANDS,CO-ED SCHOOL,PRIMARY
116,GUANGYANG PRIMARY SCHOOL,6 BISHAN STREET 12,579806,Bishan MRT,"13,52,54,55,56,57,59,88,93,156,157,163,410",BISHAN,CO-ED SCHOOL,PRIMARY
117,TAMPINES NORTH PRIMARY SCHOOL,30 TAMPINES AVENUE 9,529565,Tampines MRT,"SBS Transit 28, 29, 293",TAMPINES,CO-ED SCHOOL,PRIMARY
118,ELIAS PARK PRIMARY SCHOOL,11 PASIR RIS STREET 52,518866,Pasir Ris MRT,"3, 15, 39, 53, 81, 88, 89, 357, 403, 518",PASIR RIS,CO-ED SCHOOL,PRIMARY
119,AHMAD IBRAHIM PRIMARY SCHOOL,10 YISHUN STREET 11,768643,Yishun,"Yishun Ring Road - 812 (white plate); Yishun Ave 2 - 169, 804, 965, 117, 883",YISHUN,CO-ED SCHOOL,PRIMARY
120,NORTH VIEW PRIMARY SCHOOL,210 YISHUN AVENUE 6,768960,Yishun,Feeder Service 804 & 806,YISHUN,CO-ED SCHOOL,PRIMARY
121,PIONEER PRIMARY SCHOOL,23 JURONG WEST STREET 81,649076,Boon Lay Station,243,JURONG WEST,CO-ED SCHOOL,PRIMARY
122,PUNGGOL PRIMARY SCHOOL,61 HOUGANG AVENUE 8,538787,"Hougang, Buangkok",62 74 88 113 147 325,HOUGANG,CO-ED SCHOOL,PRIMARY
123,PARK VIEW PRIMARY SCHOOL,60 PASIR RIS DRIVE 1,519524,Pasir Ris MRT Station,"358,39,53,81,89",PASIR RIS,CO-ED SCHOOL,PRIMARY
124,ADMIRALTY PRIMARY SCHOOL,11 WOODLANDS CIRCLE,738907,Admiralty Station,"TIBS 965, 964, 913",WOODLANDS,CO-ED SCHOOL,PRIMARY
125,KRANJI PRIMARY SCHOOL,11 CHOA CHU KANG STREET 54,689189,Yew Tee MRT,"Bus No 307, 302",CHOA CHU KANG,CO-ED SCHOOL,PRIMARY
126,SENG KANG PRIMARY SCHOOL,21 COMPASSVALE WALK,545166,Sengkang MRT,"27, 80, 82, 83, 86, 87, 88, 89, 119, 156, 163, 371, 372 & 965",SENG KANG,CO-ED SCHOOL,PRIMARY
127,WOODLANDS RING PRIMARY SCHOOL,11 WOODLANDS RING ROAD,738240,Admiralty MRT Station,912,WOODLANDS,CO-ED SCHOOL,PRIMARY
128,WEST VIEW PRIMARY SCHOOL,31 SENJA ROAD,677742,"CCK MRT, SENJA LRT (A13)","170,171,176,178,180,187,190,960,961,963",BUKIT PANJANG,CO-ED SCHOOL,PRIMARY
129,WHITE SANDS PRIMARY SCHOOL,2 PASIR RIS ST 11,519075,Pasir Ris MRT Station,"12, 17, 21, 39, 53, 81, 518, 109",PASIR RIS,CO-ED SCHOOL,PRIMARY
130,UNITY PRIMARY SCHOOL,21 CHOA CHU KANG CRESCENT,688268,Yew Tee MRT,TIBs 302,CHOA CHU KANG,CO-ED SCHOOL,PRIMARY
131,CANBERRA PRIMARY SCHOOL,21 ADMIRALTY DRIVE,757714,Sembawang MRT Station,Bus No. 859,SEMBAWANG,CO-ED SCHOOL,PRIMARY
132,RIVERVALE PRIMARY SCHOOL,80 RIVERVALE DRIVE,545092,Nearest LRT Station : Rumbia,Bus Service 86.,SENG KANG,CO-ED SCHOOL,PRIMARY
133,JURONG WEST PRIMARY SCHOOL,30 JURONG WEST ST 61,648368,Pioneer MRT Station,192,JURONG WEST,CO-ED SCHOOL,PRIMARY
134,EAST SPRING PRIMARY SCHOOL,31 TAMPINES ST 33,529258,Tampines,"291, 28",TAMPINES,CO-ED SCHOOL,PRIMARY
135,EVERGREEN PRIMARY SCHOOL,31 WOODLANDS CIRCLE,738908,Admiralty,"913(front), 911 & 858(back)",WOODLANDS,CO-ED SCHOOL,PRIMARY
136,COMPASSVALE PRIMARY SCHOOL,21 COMPASSVALE ST,545091,Sengkang,"83 (along Compassvale Street) 27, 89, 89E & 965 (along Compassvale Road).",SENG KANG,CO-ED SCHOOL,PRIMARY
137,WOODGROVE PRIMARY SCHOOL,2 WOODLANDS DRIVE 14,738079,Woodlands MRT Station,901,WOODLANDS,CO-ED SCHOOL,PRIMARY
138,SEMBAWANG PRIMARY SCHOOL,10 SEMBAWANG DRIVE,757715,Sembawang MRT (6 to 8-minute walk),"167, 856, 859, 962, 980",SEMBAWANG,CO-ED SCHOOL,PRIMARY
139,CONCORD PRIMARY SCHOOL,3 CHOA CHU KANG AVE 4,689814,Choa Chu Kang MRT Station,Bus 300,CHOA CHU KANG,CO-ED SCHOOL,PRIMARY
140,NORTH SPRING PRIMARY SCHOOL,1 RIVERVALE STREET,545088,NEL - Sengkang Station LRT - Bakau Station,"SBS Transit Services 82, 85, 86, 88, 119, 136, 163, 372",SENG KANG,CO-ED SCHOOL,PRIMARY
141,YEW TEE PRIMARY SCHOOL,10 CHOA CHU KANG ST 64,689100,Yew Tee MRT Station,307,CHOA CHU KANG,CO-ED SCHOOL,PRIMARY
142,HOUGANG PRIMARY SCHOOL,1 HOUGANG ST 93,534238,"Ang Mo Kio, Buangkok, Hougang, Yio Chu Kang","SBS 43, 72, 88, 101, 109, 116, 156, 159, 325",HOUGANG,CO-ED SCHOOL,PRIMARY
143,MERIDIAN PRIMARY SCHOOL,20 PASIR RIS ST 71,518798,Pasir Ris MRT Station,"3,359",PASIR RIS,CO-ED SCHOOL,PRIMARY
144,GREENWOOD PRIMARY SCHOOL,11 WOODLANDS  DR  62,737942,Admiralty MRT Station,"912, 913, 962",WOODLANDS,CO-ED SCHOOL,PRIMARY
145,ANDERSON PRIMARY SCHOOL,19 ANG MO KIO AVE 9,569785,Yio Chu Kang MRT Station,"Ang Mo Kio Ave 9 - Bus 76, 265, 268",ANG MO KIO,CO-ED SCHOOL,PRIMARY
146,WELLINGTON PRIMARY SCHOOL,10 WELLINGTON CIRCLE,757702,Sembawang MRT,"980, 856, 859",SEMBAWANG,CO-ED SCHOOL,PRIMARY
147,EDGEFIELD PRIMARY SCHOOL,41 EDGEFIELD PLAINS,828869,Punggol MRT,"3, 34, 62, 82, 83, 136",PUNGGOL,CO-ED SCHOOL,PRIMARY
148,WEST GROVE PRIMARY SCHOOL,1 JURONG WEST ST 72,649223,Boon Lay MRT,"Bus 99, 242",JURONG WEST,CO-ED SCHOOL,PRIMARY
149,CASUARINA PRIMARY SCHOOL,30 PASIR RIS ST 41,518935,Pasir Ris MRT Station,"Nos. 12, 21 & 358",PASIR RIS,CO-ED SCHOOL,PRIMARY
150,CLEMENTI PRIMARY SCHOOL,8 CLEMENTI AVE 3,129903,Clementi Station,We are just beside Clementi Bus Interchange.,CLEMENTI,CO-ED SCHOOL,PRIMARY
151,TANJONG KATONG PRIMARY SCHOOL,860 NEW UPPER CHANGI ROAD,467353,"From Bedok MRT: 2, 9, 24, 31, 35, 35M, 222 From Tenah Merah MRT: 2, 9, 24, 31, 35, 35M, 45","New Upper Changi Road (Opposite the school): 2, 9, 24, 31, 35, 35M, 45, 222, 506, NR7 (School side): 2, 9, 24, 31, 35, 35M, 45, 222, 506",MARINE PARADE,CO-ED SCHOOL,PRIMARY
152,ANDERSON SECONDARY SCHOOL,10 ANG MO KIO STREET 53,569206,"ANG MO KIO MRT, YIO CHU KANG MRT","265, 548, 45, 50, 72",ANG MO KIO,CO-ED SCHOOL,SECONDARY
153,BARTLEY SECONDARY SCHOOL,10 JALAN BUNGA RAMPAI,538403,"BARTLEY MRT, TAI SENG MRT","22, 24, 28, 43, 58, 62, 70, 70M, 76, 80, 80A, 93, 158",TOA PAYOH,CO-ED SCHOOL,SECONDARY
154,BEATTY SECONDARY SCHOOL,1 TOA PAYOH NORTH,318990,"BRADDELL MRT, TOA PAYOH MRT","28, 56, 73, 88, 93, 105, 153, 155, 157, 159, 163, 231, 232",TOA PAYOH,CO-ED SCHOOL,SECONDARY
155,CEDAR GIRLS' SECONDARY SCHOOL,1 CEDAR AVENUE,349692,"WOODLEIGH MRT, POTONG PASIR MRT","8, 61, 64, 65, 66, 90, 100, 135, 151, 154, 155",TOA PAYOH,GIRLS' SCHOOL,SECONDARY
156,CRESCENT GIRLS' SCHOOL,357 TANGLIN ROAD,247961,REDHILL MRT,"32, 111, 122, 132, 51, 139, 186, 970",BUKIT MERAH,GIRLS' SCHOOL,SECONDARY
157,GAN ENG SENG SCHOOL,1 HENDERSON ROAD,159561,"REDHILL MRT, TIONG BAHRU MRT","14,16,32,33,51,63,64,120,122,145,139,186,851,970",BUKIT MERAH,CO-ED SCHOOL,SECONDARY
158,QUEENSWAY SECONDARY SCHOOL,2A MARGARET DRIVE,149295,"COMMONWEALTH MRT, QUEENSTOWN MRT","32, 51, 93, 100, 105, 111, 122, 123, 145, 147, 153, 186, 195, 196, 198, 855, 961, 970",QUEENSTOWN,CO-ED SCHOOL,SECONDARY
159,RAFFLES GIRLS' SCHOOL (SECONDARY),20 ANDERSON ROAD,259978,"ORCHARD MRT, STEVENS MRT","105, 132, 190, 972",CENTRAL,GIRLS' SCHOOL,SECONDARY
160,RAFFLES INSTITUTION,1 RAFFLES INSTITUTION LANE,575954,"BISHAN MRT, MARYMOUNT MRT","410,13,50,52,53,54,55,56,57,58,59,71,74,88,93,128,130,132,156,157,162,163,165,166,167,851,852,855,980",BISHAN,CO-ED SCHOOL,MIXED LEVEL
161,SERANGOON SECONDARY SCHOOL,11 UPPER SERANGOON VIEW,534237,"HOUGANG MRT, KANGKAR LRT","62, 74, 102, 113, 119, 136, 147, 324",HOUGANG,CO-ED SCHOOL,SECONDARY
162,COMMONWEALTH SECONDARY SCHOOL,698 WEST COAST ROAD,608784,"JURONG EAST MRT, CLEMENTI MRT","30,51,78,79,143,143M,176,201",JURONG EAST,CO-ED SCHOOL,SECONDARY
163,TANJONG KATONG GIRLS' SCHOOL,2 BEDOK SOUTH ROAD,469268,BEDOK MRT,"2, 2A, 4N, 7, 9, 16, 24, 25, 28, 30, 30E, 31, 32, 33, 35, 35M, 38, 40, 67, 137, 196, 197, 222, 222B, 229, 401, 854",MARINE PARADE,GIRLS' SCHOOL,SECONDARY
164,VICTORIA SCHOOL,2 SIGLAP LINK,448880,"BEDOK MRT, PAYA LEBAR MRT","31, 36, 43,47, 48, 55, 135, 155, 196, 196E, 197, 541, 763",BEDOK,BOYS' SCHOOL,SECONDARY
165,WHITLEY SECONDARY SCHOOL,30 BISHAN STREET 24,579747,"BISHAN MRT, MARYMOUNT MRT","13, 52, 54, 74, 74E, 88, 162, 162M,  588, 410, 851, 852",BISHAN,CO-ED SCHOOL,SECONDARY
166,YUHUA SECONDARY SCHOOL,35 JURONG WEST STREET 41,649406,LAKESIDE MRT,"49, 98, 99, 157, 185, 187, 198, 335, 502",JURONG WEST,CO-ED SCHOOL,SECONDARY
167,YISHUN SECONDARY SCHOOL,4 YISHUN STREET 71,768516,"YISHUN MRT, KHATIB MRT","167,  169,  171,  800,  807, 811, 812,  856,  858,  859,  860,  969, 980",YISHUN,CO-ED SCHOOL,SECONDARY
168,BENDEMEER SECONDARY SCHOOL,1 ST WILFRED ROAD,327919,BOON KENG MRT,"13,  23,  31,  64,  65,  66, 125, 133, 140, 147, 857, 985",KALLANG,CO-ED SCHOOL,SECONDARY
169,FUCHUN SECONDARY SCHOOL,21 WOODLANDS AVENUE 1,739062,MARSILING MRT,"187, 856, 912, 925, 926, 950, 960, 961, 963, 966",WOODLANDS,CO-ED SCHOOL,SECONDARY
170,ANG MO KIO SECONDARY SCHOOL,6 ANG MO KIO STREET 22,569362,ANG MO KIO MRT,"13, 74, 76, 88, 130, 132, 133, 136, 165, 169, 265, 268, 269, 851, 852",ANG MO KIO,CO-ED SCHOOL,SECONDARY
171,BEDOK SOUTH SECONDARY SCHOOL,1 JALAN LANGGAR BEDOK,468585,TANAH MERAH MRT,"10, 14, 45",BEDOK,CO-ED SCHOOL,SECONDARY
172,CLEMENTI TOWN SECONDARY SCHOOL,10 CLEMENTI AVE 3,129904,CLEMENTI MRT,"14, 105, 106, 147, 156, 165, 166, 173, 175, 184, 196, 282, 284, 285, 7, 96, 99",CLEMENTI,CO-ED SCHOOL,SECONDARY
173,TEMASEK SECONDARY SCHOOL,600 UPPER EAST COAST ROAD,465561,"BEDOK MRT, TANAH MERAH MRT","10, 10E, 13, 14, 25, 43, 46, 55, 137, 229, 506, 531, 853",BEDOK,CO-ED SCHOOL,SECONDARY
174,MAYFLOWER SECONDARY SCHOOL,2 ANG MO KIO STREET 21,569384,ANG MO KIO MRT,"71, 76, 132, 165, 166, 169, 262, 265, 268, 269",ANG MO KIO,CO-ED SCHOOL,SECONDARY
175,TAMPINES SECONDARY SCHOOL,252 TAMPINES ST 12,529427,TAMPINES MRT,"3,  8,  15,  17,  18,  20,  21,  27,  28,  34,  39,  59,  129,  168,  292,  298,  518",TAMPINES,CO-ED SCHOOL,SECONDARY
176,BUKIT VIEW SECONDARY SCHOOL,16 BUKIT BATOK STREET 21,659633,BUKIT BATOK MRT,"173, 189, 990",BUKIT BATOK,CO-ED SCHOOL,SECONDARY
177,WOODLANDS SECONDARY SCHOOL,11 MARSILING ROAD,739111,"MARSILING MRT, WOODLANDS MRT","913, 913E, 178, 856, 903",WOODLANDS,CO-ED SCHOOL,SECONDARY
178,BOWEN SECONDARY SCHOOL,2 LORONG NAPIRI,547529,"HOUGANG MRT, SERANGOON MRT, SENGKANG MRT","43,70,73,103,109,156,854,25,74,74E,76,112,132,147,165,55",HOUGANG,CO-ED SCHOOL,SECONDARY
179,BUKIT BATOK SECONDARY SCHOOL,50 BUKIT BATOK WEST AVE 8,658962,BUKIT BATOK MRT,"66, 157, 174, 174E, 178, 506, 941, 991",BUKIT BATOK,CO-ED SCHOOL,SECONDARY
180,YISHUN TOWN SECONDARY SCHOOL,6 YISHUN STREET 21,768610,YISHUN MRT,"39, 85, 171, 800, 803, 804, 806, 811, 812, 851, 852, 853, 853C, 854, 854E, 855, 856, 857, 859, 860",YISHUN,CO-ED SCHOOL,SECONDARY
181,HOUGANG SECONDARY SCHOOL,2 HOUGANG STREET 93,534256,"HOUGANG MRT, BUANGKOK MRT","43, 88, 101, 109, 156, 159, 161, 325, 329",HOUGANG,CO-ED SCHOOL,SECONDARY
182,NAN HUA HIGH SCHOOL,41 CLEMENTI AVENUE 1,129956,CLEMENTI MRT,"14, 33, 52, 78, 96, 97, 105, 106, 147, 151, 154, 165, 166, 183, 185, 188, 189, 196, 197, 198, 282, 285, 963",CLEMENTI,CO-ED SCHOOL,SECONDARY
183,HILLGROVE SECONDARY SCHOOL,10 BUKIT BATOK STREET 52,659250,"BUKIT BATOK MRT, BUKIT GOMBAK MRT","176, 985, 945",BUKIT BATOK,CO-ED SCHOOL,SECONDARY
184,XINMIN SECONDARY SCHOOL,11 HOUGANG AVENUE 8,538789,HOUGANG MRT,"25, 55, 70, 72, 73, 74, 88, 101, 103, 112, 132, 147, 156, 159, 161, 165, 315, 854",HOUGANG,CO-ED SCHOOL,SECONDARY
185,GREENRIDGE SECONDARY SCHOOL,32 BUKIT PANJANG RING ROAD,679938,BANGKIT LRT,"722, 920, 922, 971E, 972",BUKIT PANJANG,CO-ED SCHOOL,SECONDARY
186,SPRINGFIELD SECONDARY SCHOOL,30 TAMPINES AVENUE 8,529593,"TAMPINES MRT, TAMPINES WEST MRT","8, 15, 23, 69, 118, 129, 291, 293, 298, 513, 518",TAMPINES,CO-ED SCHOOL,SECONDARY
187,CHUA CHU KANG SECONDARY SCHOOL,3 TECK WHYE CRESCENT,688845,CHOA CHU KANG MRT,"190, 307, 975, 982E, 985",CHOA CHU KANG,CO-ED SCHOOL,SECONDARY
188,DAMAI SECONDARY SCHOOL,4800 BEDOK RESERVOIR ROAD,479229,"BEDOK RESERVOIR MRT, BEDOK MRT, TAMPINES MRT","5, 21, 22, 59, 65, 66, 228, 506, CT18",BEDOK,CO-ED SCHOOL,SECONDARY
189,NORTHLAND SECONDARY SCHOOL,3 YISHUN STREET 22,768578,YISHUN MRT,"811, 804, 800",YISHUN,CO-ED SCHOOL,SECONDARY
190,PEIRCE SECONDARY SCHOOL,10 SIN MING WALK,575566,"ANG MO KIO MRT, BISHAN MRT, MARYMOUNT MRT","52, 132, 162, 163, 165, 166, 167, 410, 855, 980",BISHAN,CO-ED SCHOOL,SECONDARY
191,JURONGVILLE SECONDARY SCHOOL,202 JURONG EAST AVENUE 1,609790,"JURONG EAST MRT, CHINESE GARDEN MRT","98, 99, 157, 185, 187, 198, 334, 502",JURONG EAST,CO-ED SCHOOL,SECONDARY
192,FAJAR SECONDARY SCHOOL,31 GANGSA ROAD,678972,"BUKIT PANJANG MRT, BUKIT PANJANG LRT, PETIR LRT","67, 75, 170, 171, 176, 177, 178, 180, 960, 961, 961C, 963, 963E, 963R, 970, 979, 979M",BUKIT PANJANG,CO-ED SCHOOL,SECONDARY
193,KRANJI SECONDARY SCHOOL,38 TECK WHYE CRESCENT,688945,CHUA CHU KANG MRT YEW TEE MRT,302,CHOA CHU KANG,CO-ED SCHOOL,SECONDARY
194,JUYING SECONDARY SCHOOL,33 JURONG WEST STREET 91,649038,"BOON LAY MRT, PIONEER MRT, JOO KOON MRT","99, 241",JURONG WEST,CO-ED SCHOOL,SECONDARY
195,WEST SPRING SECONDARY SCHOOL,61 SENJA  ROAD,677737,"JELAPANG LRT, SENJA LRT","920, 972",BUKIT PANJANG,CO-ED SCHOOL,SECONDARY
196,JURONG WEST SECONDARY SCHOOL,61 JURONG WEST STREET 65,648348,"BOON LAY MRT, PIONEER MRT","30, 154, 157, 180, 187, 198, 242",JURONG WEST,CO-ED SCHOOL,SECONDARY
197,BEDOK GREEN SECONDARY SCHOOL,360 BEDOK NORTH AVE 3,469722,"BEDOK MRT, BEDOK RESERVOIR MRT","14, 17, 18, 28, 46, 66, 67, 69, 168, 222, 228, 506",BEDOK,CO-ED SCHOOL,SECONDARY
198,PUNGGOL SECONDARY SCHOOL,51 EDGEFIELD PLAINS,828870,"PUNGGOL MRT, COVE LRT","3, 34, 62, 82, 83, 85, 136, 965, 386",PUNGGOL,CO-ED SCHOOL,SECONDARY
199,NORTH VISTA SECONDARY SCHOOL,11 RIVERVALE LINK,545081,"SENGKANG MRT, BUANGKOK MRT, RANGGUNG LRT","80, 82, 87, 88, 89, 119",SENG KANG,CO-ED SCHOOL,SECONDARY
200,ADMIRALTY SECONDARY SCHOOL,31 WOODLANDS CRESCENT,737916,ADMIRALTY MRT,904,WOODLANDS,CO-ED SCHOOL,SECONDARY
201,PEI HWA SECONDARY SCHOOL,21 FERNVALE LINK,797702,"SENGKANG MRT, LAYAR LRT","50, 70, 86, 103, 163, 854",SENG KANG,CO-ED SCHOOL,SECONDARY
202,GREENDALE SECONDARY SCHOOL,51 EDGEDALE PLAINS,828866,"PUNGGOL MRT, MERIDIAN LRT","3, 62, 83, 85, 136, 386",PUNGGOL,CO-ED SCHOOL,SECONDARY
203,EDGEFIELD SECONDARY SCHOOL,36 PUNGGOL FIELD,828814,PUNGGOL MRT,"3,34,62,82,83,119,136,381,382G",PUNGGOL,CO-ED SCHOOL,SECONDARY
204,MERIDIAN SECONDARY SCHOOL,31 PASIR RIS STREET 51,518901,PASIR RIS MRT,"39, 53, 81, 89, 109, 359, 403, 518",PASIR RIS,CO-ED SCHOOL,SECONDARY
205,LOYANG VIEW SECONDARY SCHOOL,12 PASIR RIS STREET 11,519073,PASIR RIS MRT,"12, 21, 39, 53, 81, 359, 351",PASIR RIS,CO-ED SCHOOL,SECONDARY
206,DUNMAN HIGH SCHOOL,10 TANJONG RHU ROAD,436895,"ALJUNIED MRT, KALLANG MRT, MOUNTBATTEN MRT","12, 14, 30, 158, 196",KALLANG,CO-ED SCHOOL,MIXED LEVEL
207,RIVER VALLEY HIGH SCHOOL,6 BOON LAY AVENUE,649961,BOON LAY MRT,"99, 157, 172, 174, 174E, 198, 502, 502A, SS4, NR5",JURONG WEST,CO-ED SCHOOL,MIXED LEVEL
208,AHMAD IBRAHIM SECONDARY SCHOOL,751 YISHUN AVENUE 7,768928,YISHUN MRT,"980, 167, 169, 800, 811, 812, 965, 969, 858, 856, 859",YISHUN,CO-ED SCHOOL,SECONDARY
209,BROADRICK SECONDARY SCHOOL,61 DAKOTA CRESCENT,399935,DAKOTA MRT,"10, 16, 30, 31, 32, 33",GEYLANG,CO-ED SCHOOL,SECONDARY
210,BUKIT MERAH SECONDARY SCHOOL,10 LENGKOK BAHRU,159050,REDHILL MRT,"14, 32, 33, 63, 64, 120, 132, 139, 145, 147, 196, 197, 855, 961",BUKIT MERAH,CO-ED SCHOOL,SECONDARY
211,BUKIT PANJANG GOVT. HIGH SCHOOL,7 CHOA CHU KANG AVE 4,689809,CHOA CHU KANG MRT,"300, 983",CHOA CHU KANG,CO-ED SCHOOL,SECONDARY
212,DUNMAN SECONDARY SCHOOL,21 TAMPINES STREET 45,529093,TAMPINES EAST MRT,"28, 29, 293",TAMPINES,CO-ED SCHOOL,SECONDARY
213,JURONG SECONDARY SCHOOL,31 YUAN CHING ROAD,618652,LAKESIDE MRT,"30, 49, 98, 98A, 154, 240, 246",JURONG WEST,CO-ED SCHOOL,SECONDARY
214,NAVAL BASE SECONDARY SCHOOL,901 YISHUN RING ROAD,768689,KHATIB MRT,"39, 811, 812, 851, 852, 853, 854, 855, 858, 965, 969",YISHUN,CO-ED SCHOOL,SECONDARY
215,OUTRAM SECONDARY SCHOOL,3 YORK HILL,168622,OUTRAM PARK MRT,"174 , 123, 16, 175, 195, 33, 5, 63, 75, 851, 970, 123, 186, 51, 64",CENTRAL,CO-ED SCHOOL,SECONDARY
216,YIO CHU KANG SECONDARY SCHOOL,3063 ANG MO KIO AVENUE 5,569868,YIO CHU KANG MRT,"13, 45, 86, 138, 162, 269, 851, 852, 853",ANG MO KIO,CO-ED SCHOOL,SECONDARY
217,YUAN CHING SECONDARY SCHOOL,103 YUAN CHING ROAD,618654,LAKESIDE MRT,"154, 240, 246, 98, 154, 180, 182, 187",JURONG WEST,CO-ED SCHOOL,SECONDARY
218,BOON LAY SECONDARY SCHOOL,11 JURONG WEST STREET 65,648354,BOON LAY MRT,"99,181,192,193,243,192,193,242,243,257, 502,502A",JURONG WEST,CO-ED SCHOOL,SECONDARY
219,BEDOK VIEW SECONDARY SCHOOL,6 BEDOK SOUTH AVENUE 3,469293,TANAH MERAH MRT,"2, 9, 12, 14, 24, 25, 31, 35, 38, 45, 46, 47, 48, 506",BEDOK,CO-ED SCHOOL,SECONDARY
220,HUA YI SECONDARY SCHOOL,60 JURONG WEST ST 42,649371,"LAKESIDE MRT, CHINESE GARDEN MRT","98, 98A, 99, 157, 187, 198, 334, 335, 502",JURONG WEST,CO-ED SCHOOL,SECONDARY
221,DEYI SECONDARY SCHOOL,1 ANG MO KIO STREET 42,569277,ANG MO KIO MRT,"22, 24, 25, 73, 74, 76, , 88, 132, 135, 159, 162, 165, 261, 262, 268, 853",ANG MO KIO,CO-ED SCHOOL,SECONDARY
222,PING YI SECONDARY SCHOOL,61 CHAI CHEE STREET,468980,BEDOK MRT,"26, 222, 222P, 2, 7, 24, 25, 28, 30, 30E, 32, 33, 40, 67, 229, 401, 854, 60, 87",BEDOK,CO-ED SCHOOL,SECONDARY
223,PEICAI SECONDARY SCHOOL,10 SERANGOON AVENUE 4,556094,SERANGOON MRT,"22, 24, 43, 53, 70, 76, 103, 109, 116, 147, 156, 315, 317, 853",SERANGOON,CO-ED SCHOOL,SECONDARY
224,PASIR RIS SECONDARY SCHOOL,390 TAMPINES STREET 21,529400,"TAMPINES MRT, TAMPINES EAST MRT, TAMPINEST WEST MRT","4, 8, 10, 18, 19, 20, 22, 23, 28, 29, 31, 37, 38, 39, 46, 65, 69, 72, 81, 127, 129, 291, 292, 293,",TAMPINES,CO-ED SCHOOL,SECONDARY
225,GUANGYANG SECONDARY SCHOOL,8 BISHAN STREET 12,579807,BISHAN MRT,"410, 13, 56, 57, 59, 88, 93, 157, 163",BISHAN,CO-ED SCHOOL,SECONDARY
226,RIVERSIDE SECONDARY SCHOOL,3 WOODLANDS STREET 81,738524,WOODLANDS MRT,"858, 900, 911, 913, 964, 962, 965, 969, 169, 903",WOODLANDS,CO-ED SCHOOL,SECONDARY
227,ZHONGHUA SECONDARY SCHOOL,13 SERANGOON AVENUE 3,556123,SERANGOON MRT,"22, 43, 45, 53, 58, 70, 81, 82, 100, 101, 103, 105, 107, 109, 133, 135, 147, 153, 158, 315, 317, 853",SERANGOON,CO-ED SCHOOL,SECONDARY
228,SWISS COTTAGE SECONDARY SCHOOL,3 BUKIT BATOK STREET 34,659322,BUKIT GOMBAK MRT,"187,188,985,945",BUKIT BATOK,CO-ED SCHOOL,SECONDARY
229,YUSOF ISHAK SECONDARY SCHOOL,11 BUKIT BATOK STREET 25,658712,BUKIT BATOK MRT,"61, 66, 77, 106, 157, 174, 178, 506, 852, 963",BUKIT BATOK,CO-ED SCHOOL,SECONDARY
230,CHANGKAT CHANGI SECONDARY SCHOOL,23 SIMEI ST 3,529894,SIMEI MRT,"5, 9, 20, 38",TAMPINES,CO-ED SCHOOL,SECONDARY
231,TECK WHYE SECONDARY SCHOOL,31 TECK WHYE CRESCENT,688848,"CHUA CHU KANG MRT, PHOENIX LRT","975, 985, 190, 982E, 557",CHOA CHU KANG,CO-ED SCHOOL,SECONDARY
232,DUNEARN SECONDARY SCHOOL,21 BUKIT BATOK WEST AVENUE 2,659204,"BUKIT BATOK MRT, BUKIT GOMBAK MRT","160, 180, 187, 188, 945, 947, 985",BUKIT BATOK,CO-ED SCHOOL,SECONDARY
233,NEW TOWN SECONDARY SCHOOL,1020 DOVER ROAD,139657,"DOVER MRT, CLEMENTI MRT","33, 96, 151, 196, 183",QUEENSTOWN,CO-ED SCHOOL,SECONDARY
234,QUEENSTOWN SECONDARY SCHOOL,1 STRATHMORE ROAD,148800,"REDHILL MRT, QUEENSTOWN MRT","33, 51, 64, 111, 120, 139, 145, 186, 970",QUEENSTOWN,CO-ED SCHOOL,SECONDARY
235,SERANGOON GARDEN SECONDARY SCHOOL,21 SERANGOON NORTH AVENUE 1,555889,"SERANGOON MRT, ANG MO KIO MRT","25, 55, 55A, 73, 74, 76, 76A, 132, 165, 315",SERANGOON,CO-ED SCHOOL,SECONDARY
236,TANGLIN SECONDARY SCHOOL,301 WEST COAST ROAD,127391,CLEMENTI MRT,"30, 51, 78, 285, 143, 176",CLEMENTI,CO-ED SCHOOL,SECONDARY
237,TANJONG KATONG SECONDARY SCHOOL,130 HAIG ROAD,438796,"PAYA LEBAR MRT, DAKOTA MRT","10, 16, 31, 32, 33, 40, 76, 135, 197",MARINE PARADE,CO-ED SCHOOL,SECONDARY
238,WOODLANDS RING SECONDARY SCHOOL,10 WOODLANDS RING ROAD,738239,ADMIRALTY MRT,912,WOODLANDS,CO-ED SCHOOL,SECONDARY
239,ORCHID PARK SECONDARY SCHOOL,10 YISHUN STREET 81,768454,KHATIB MRT,811,YISHUN,CO-ED SCHOOL,SECONDARY
240,SEMBAWANG SECONDARY SCHOOL,30 SEMBAWANG CRESCENT,757704,SEMBAWANG MRT,"859, 962",SEMBAWANG,CO-ED SCHOOL,SECONDARY
241,SENG KANG SECONDARY SCHOOL,10 COMPASSVALE LANE,545090,"SENGKANG MRT, RANGGUNG LRT","27, 80, 85, 86, 87, 89, 89E, 163, 163M, 372",SENG KANG,CO-ED SCHOOL,SECONDARY
242,JUNYUAN SECONDARY SCHOOL,11 TAMPINES STREET 84,528933,TAMPINES MRT,"69, 291, 293",TAMPINES,CO-ED SCHOOL,SECONDARY
243,EAST SPRING SECONDARY SCHOOL,30 TAMPINES STREET 34,529231,"TAMPINES MRT, TAMPINES EAST MRT","3, 4, 9, 12, 17, 19, 21, 28, 29, 34, 37, 39, 59, 81, 291, 518",TAMPINES,CO-ED SCHOOL,SECONDARY
244,UNITY SECONDARY SCHOOL,20 CHOA CHU KANG STREET 62,689143,YEW TEE MRT,307,CHOA CHU KANG,CO-ED SCHOOL,SECONDARY
245,NORTHBROOKS SECONDARY SCHOOL,585 YISHUN RING ROAD,768692,"YISHUN MRT, KHATIB MRT","804, 806, 807, 860, 103",YISHUN,CO-ED SCHOOL,SECONDARY
246,PASIR RIS CREST SECONDARY SCHOOL,11 PASIR RIS STREET 41,518934,PASIR RIS MRT,"358, 17, 81, 12, 3",PASIR RIS,CO-ED SCHOOL,SECONDARY
247,FUHUA SECONDARY SCHOOL,5 JURONG WEST STREET 41,649410,"CHINESE GARDEN MRT, LAKESIDE MRT","49, 98, 99, 157, 180, 185, 187, 198, 334, 335, 502, 657",JURONG WEST,CO-ED SCHOOL,SECONDARY
248,MARSILING SECONDARY SCHOOL,12 MARSILING ROAD,739110,MARSILING MRT,"913, 911",WOODLANDS,CO-ED SCHOOL,SECONDARY
249,WOODGROVE SECONDARY SCHOOL,3 WOODLANDS AVENUE 6,738990,WOODLANDS MRT,"900, 901",WOODLANDS,CO-ED SCHOOL,SECONDARY
250,ZHENGHUA SECONDARY SCHOOL,91 SENJA ROAD,677741,JELAPANG LRT,"920, 922",BUKIT PANJANG,CO-ED SCHOOL,SECONDARY
251,REGENT SECONDARY SCHOOL,50 CHOA CHU KANG NORTH 5,689621,"YEW TEE MRT, CHOA CHU KANG MRT","307, 301, 302, 160, 170, 178, 925, 927, 960, 983, 961, 979M",CHOA CHU KANG,CO-ED SCHOOL,SECONDARY
252,KENT RIDGE SECONDARY SCHOOL,147 WEST COAST ROAD,127368,"CLEMENTI MRT, HAW PAR VILLA MRT","30, 51, 143, 175, 176, 201, 282",CLEMENTI,CO-ED SCHOOL,SECONDARY
253,WESTWOOD SECONDARY SCHOOL,11 JURONG WEST STREET 25,648350,BOON LAY MRT,"172, 181, 185, 199, 974",JURONG WEST,CO-ED SCHOOL,SECONDARY
254,CANBERRA SECONDARY SCHOOL,51 SEMBAWANG DRIVE,757699,SEMBAWANG MRT,"859, 962",SEMBAWANG,CO-ED SCHOOL,SECONDARY
255,COMPASSVALE SECONDARY SCHOOL,51 COMPASSVALE CRESCENT,545083,"SENGKANG MRT, COMPASSVALE LRT","27,  82,  83,  86,  88,  89, 89E, 136,  161, 371, 965",SENG KANG,CO-ED SCHOOL,SECONDARY
256,EVERGREEN SECONDARY SCHOOL,11 WOODLANDS STREET 83,738489,WOODLANDS MRT,911,WOODLANDS,CO-ED SCHOOL,SECONDARY
257,ANGLO-CHINESE SCHOOL (JUNIOR),16 WINSTEDT ROAD,227988,Newton MRT Station,"5, 54 , 124 , 128 , 143 ,162 , 162M , 167 , 171 , 700 and 700A.",CENTRAL,BOYS' SCHOOL,PRIMARY
258,CHIJ PRIMARY (TOA PAYOH),628 LORONG 1 TOA PAYOH,319765,Toa Payoh,"59, 231, 141",TOA PAYOH,GIRLS' SCHOOL,PRIMARY
259,CHIJ (KELLOCK),121 QUEENSWAY,149059,Commonwealth Station,"32,93,100,105,111,122,123,145,147,153, 186,195,196,198,855,961,970",BUKIT MERAH,GIRLS' SCHOOL,PRIMARY
260,CHIJ OUR LADY OF THE NATIVITY,1257 UPPER SERANGOON ROAD,534793,Hougang MRT,"74, 136, 147, 102, 112, 113, 119, 136",HOUGANG,GIRLS' SCHOOL,PRIMARY
261,DE LA SALLE SCHOOL,11 CHOA CHU KANG ST 52,689285,YEW TEE MRT,"TIBS 302, 979",CHOA CHU KANG,CO-ED SCHOOL,PRIMARY
262,ST. ANDREW'S JUNIOR SCHOOL,2 FRANCIS THOMAS DRIVE,359337,"Potong Pasir,Toa Payoh","8,13,26,31,90,90A,107,133,142,147,853, NR6",TOA PAYOH,BOYS' SCHOOL,PRIMARY
263,ST. ANTHONY'S CANOSSIAN PRIMARY SCHOOL,1602 BEDOK NORTH AVE 4,469701,Bedok MRT,17,BEDOK,GIRLS' SCHOOL,PRIMARY
264,ST. GABRIEL'S PRIMARY SCHOOL,220 LORONG CHUAN,556742,Lor Chuan MRT Station (Circle Line),"73, 105, 105A, 159",SERANGOON,BOYS' SCHOOL,PRIMARY
265,ST. MARGARET'S PRIMARY SCHOOL,99 WILKIE ROAD,228091,"Dhoby Ghuat, Little India (NEL)","64, 65, 65M, 85, 97, 103, 111, 131, 139",CENTRAL,GIRLS' SCHOOL,PRIMARY
266,ST. JOSEPH'S INSTITUTION JUNIOR,3 ESSEX ROAD,309331,Novena,21;54;56;57;124;131;166;518;851,NOVENA,BOYS' SCHOOL,PRIMARY
267,ST. STEPHEN'S SCHOOL,20 SIGLAP VIEW,455789,Kembangan MRT Station,"2,7,24,25,26,28,30,32,33,67,854",BEDOK,BOYS' SCHOOL,PRIMARY
268,CHIJ OUR LADY OF GOOD COUNSEL,2C BURGHLEY DRIVE,558979,"Ang Mo Kio MRT, Bishan MRT, Serangoon MRT station.","317 Feeder Bus Service from Serangoon Interchange. 135,136 from Ang Mo Kio Interchange.",SERANGOON,GIRLS' SCHOOL,PRIMARY
269,MONTFORT JUNIOR SCHOOL,52 HOUGANG AVENUE 8,538786,Hougang MRT & Bus Interchange,"74,88,101,147,161,",HOUGANG,BOYS' SCHOOL,PRIMARY
270,CHIJ OUR LADY QUEEN OF PEACE,4 CHESTNUT DRIVE,679287,"Bukit Batok, Cashew, Hillview, Bukit Panjang","180, 67, 171, 176, 177, 178, 184, 961, 963, 970",BUKIT PANJANG,GIRLS' SCHOOL,PRIMARY
271,FAIRFIELD METHODIST SCHOOL (PRIMARY),100 DOVER ROAD,139648,"One-North MRT, Buona Vista MRT & Dover MRT","SBS Bus 14,33,74,166 & 196",QUEENSTOWN,CO-ED SCHOOL,PRIMARY
272,GEYLANG METHODIST SCHOOL (PRIMARY),4 GEYLANG EAST CENTRAL,389706,Aljunied,"80, 134, 155",GEYLANG,CO-ED SCHOOL,PRIMARY
273,KUO CHUAN PRESBYTERIAN PRIMARY SCHOOL,8 BISHAN STREET 13,579793,Bishan MRT Station,"76, 132, 165, 166, 169, 265, 268, 269",BISHAN,CO-ED SCHOOL,PRIMARY
274,ST. HILDA'S PRIMARY SCHOOL,2 TAMPINES AVE 3,529706,Tampines,Feeder Bus service: 293 from Tampines Interchange (towards St 71),TAMPINES,CO-ED SCHOOL,PRIMARY
275,SINGAPORE CHINESE GIRLS' PRIMARY SCHOOL,60 DUNEARN ROAD,309434,"Newton, Botanic Gardens, Stevens","66, 105, 132, 151, 153, 154, 156, 170, 67, 171, 186, 190, 700, 960,605",NOVENA,GIRLS' SCHOOL,PRIMARY
276,METHODIST GIRLS' SCHOOL (PRIMARY),11 BLACKMORE DRIVE,599986,King Albert Park MRT,"66, 67, 74, 151, 154, 157, 170, 171,174",BUKIT TIMAH,GIRLS' SCHOOL,PRIMARY
277,NAN CHIAU PRIMARY SCHOOL,50 ANCHORVALE LINK,545080,Sengkang Station,"156, 159, 161, 371, 372",SENG KANG,CO-ED SCHOOL,PRIMARY
278,CANOSSA CATHOLIC PRIMARY SCHOOL,1 SALLIM ROAD,387621,na,na,GEYLANG,CO-ED SCHOOL,PRIMARY
279,KONG HWA SCHOOL,350 GUILLEMARD ROAD,399772,Dakota,"Service 7,70,70M,197(to Guillemard Road)",GEYLANG,CO-ED SCHOOL,PRIMARY
280,MEE TOH SCHOOL,21 EDGEDALE PLAINS,828867,Punggol Station,"3,62,83",PUNGGOL,CO-ED SCHOOL,PRIMARY
281,NGEE ANN PRIMARY SCHOOL,344 MARINE TERRACE,449149,Nil,"13, 16, 31,36, 55, 608, 197, 196, 135 (at Marine Parade road) 13, 16 and 196 (at Marine Terrace)",MARINE PARADE,CO-ED SCHOOL,PRIMARY
282,RED SWASTIKA SCHOOL,350 BEDOK NORTH AVENUE 3,469719,Bedok MRT,"Bus 14, 17, 18, 28, 66, 67, 69, 222, 227, 228",BEDOK,CO-ED SCHOOL,PRIMARY
283,TAO NAN SCHOOL,49 MARINE CRESCENT,449761,"Paya Lebar, Eunos","13, 16, 31, 36, 43, 48, 55, 134, 196, 197",MARINE PARADE,CO-ED SCHOOL,PRIMARY
284,NANYANG PRIMARY SCHOOL,52 KING'S ROAD,268097,Farrer Rd MRT Station,"66, 67, 74, 93, 151, 153, 154, 156, 157, 165, 170, 171, 174, 186, 852, 855, 961",BUKIT TIMAH,CO-ED SCHOOL,PRIMARY
285,ST. ANTHONY'S PRIMARY SCHOOL,30 BUKIT BATOK ST 32,659401,Bukit Gombak MRT Station,945,BUKIT BATOK,CO-ED SCHOOL,PRIMARY
286,MAHA BODHI SCHOOL,10 UBI AVENUE 1,408931,"Eunos Station (Transfer Bus No.63, 63M) Ubi Station (Transfer Bus No. 137)","5,8,15,22,25,45,51,55,59,61,63,63M,65,66,93,94,854",GEYLANG,CO-ED SCHOOL,PRIMARY
287,PEI CHUN PUBLIC SCHOOL,580 TOA PAYOH EAST,319133,Toa Payoh Station and Braddell Station,"Bus Service 232, 57",TOA PAYOH,CO-ED SCHOOL,PRIMARY
288,POI CHING SCHOOL,21 TAMPINES STREET 71,529067,Tampines MRT,"Bus 293, 72, 27 and 168",TAMPINES,CO-ED SCHOOL,PRIMARY
289,KHENG CHENG SCHOOL,15 LORONG 3 TOA PAYOH,319580,Braddell,"SBS 235,56,73,88,157,159,163,231,",TOA PAYOH,CO-ED SCHOOL,PRIMARY
290,NAN HUA PRIMARY SCHOOL,170 WEST COAST ROAD,127443,Clementi MRT Station,"30, 51, 143, 175, 201, 533, 655, 727, 762",CLEMENTI,CO-ED SCHOOL,PRIMARY
291,PEI HWA PRESBYTERIAN PRIMARY SCHOOL,7 PEI WAH AVENUE,597610,Beauty World,"970, 852, 174, 173, 157, 77, 61",BUKIT TIMAH,CO-ED SCHOOL,PRIMARY
292,AI TONG SCHOOL,100 BRIGHT HILL DRIVE,579646,Bishan MRT,"410, 162, 52",BISHAN,CO-ED SCHOOL,PRIMARY
293,HONG WEN SCHOOL,30 TOWNER ROAD,327829,Boon Keng MRT,"Serangoon Road: 13, 23, 31, 64, 65, 66, 125, 133, 147, 857, 985 Balestier Road: 21, 125, 130, 139, 145",KALLANG,CO-ED SCHOOL,PRIMARY
294,HOLY INNOCENTS' PRIMARY SCHOOL,5 LORONG LOW KOON,536451,2km walk to Hougang MRT,"51,72,80,101,119,132,136,153.",HOUGANG,CO-ED SCHOOL,PRIMARY
295,PAYA LEBAR METHODIST GIRLS' SCHOOL (PRIMARY),298 LORONG AH SOO,536741,"Aljunied, Kovan, Serangoon","53, 62, 113, 45",HOUGANG,GIRLS' SCHOOL,PRIMARY
296,CHONGFU SCHOOL,170 YISHUN AVENUE 6,768959,Yishun MRT station,Feeder Service 811,YISHUN,CO-ED SCHOOL,PRIMARY
297,CHIJ (KATONG) PRIMARY,17 MARTIA ROAD,424821,EUNOS PAYA LEBAR,"15, 55, 36, 16, 135, 197, 196, 31, 13, 76, 12, 10, 14, 32, 40",BEDOK,GIRLS' SCHOOL,PRIMARY
298,ANGLO-CHINESE SCHOOL (PRIMARY),50 BARKER ROAD,309918,Newton MRT Station,"Bus 48, 66, 67, 170, 171, 603, 700",NOVENA,BOYS' SCHOOL,PRIMARY
299,ANGLO-CHINESE SCHOOL (INDEPENDENT),121 DOVER ROAD,139650,"DOVER MRT, BUONA VISTA MRT, ONE-NORTH MRT","14, 33, 74, 166, 196",QUEENSTOWN,CO-ED SCHOOL,MIXED LEVEL
300,ASSUMPTION ENGLISH SCHOOL,622 UPPER BUKIT TIMAH ROAD,678117,CASHEW MRT,"67, 75, 170, 171, 176, 178, 184, 961, 963, 970",BUKIT PANJANG,CO-ED SCHOOL,SECONDARY
301,CHIJ SECONDARY (TOA PAYOH),626 LORONG 1 TOA PAYOH,319764,TOA PAYOH MRT,"59, 141, 231",TOA PAYOH,GIRLS' SCHOOL,SECONDARY
302,GEYLANG METHODIST SCHOOL (SECONDARY),2 GEYLANG EAST CENTRAL,389705,ALJUNIED MRT,"40,62,63,80,100,125,134,155,158",GEYLANG,CO-ED SCHOOL,SECONDARY
303,CHIJ KATONG CONVENT,346 MARINE TERRACE,449150,KEMBANGAN MRT,"4N, 13, 16, 31, 36, 43, 47, 48, 55, 134, 135, 150, 196, 196E, 197, 763",MARINE PARADE,GIRLS' SCHOOL,SECONDARY
304,MONTFORT SECONDARY SCHOOL,50 HOUGANG AVENUE 8,538785,HOUGANG MRT,"74, 74E, 88, 101, 147, 147A, 161",HOUGANG,BOYS' SCHOOL,SECONDARY
305,SINGAPORE CHINESE GIRLS' SCHOOL,190 DUNEARN ROAD,309437,STEVENS MRT,"48, 66, 67, 105, 132, 151, 153, 154, 156, 170, 171, 186, 190, 700, 700A, 960, 971E, 972",NOVENA,GIRLS' SCHOOL,SECONDARY
306,ST. ANDREW'S SECONDARY SCHOOL,15 FRANCIS THOMAS DRIVE,359342,POTONG PASIR MRT,"8, 13, 26, 31, 90, 90A, 107, 133, 142, 147, 853",TOA PAYOH,BOYS' SCHOOL,SECONDARY
307,ST. ANTHONY'S CANOSSIAN SECONDARY SCHOOL,1600 BEDOK NORTH AVENUE 4,469700,"BEDOK MRT, BEDOK RESERVOIR MRT",17,BEDOK,GIRLS' SCHOOL,SECONDARY
308,ST. GABRIEL'S SECONDARY SCHOOL,24 SERANGOON AVENUE 1,556140,SERANGOON MRT,158,SERANGOON,BOYS' SCHOOL,SECONDARY
309,CHIJ ST. JOSEPH'S CONVENT,62 SENGKANG EAST WAY,548595,SENGKANG MRT,"50, 82, 86, 88, 119,136",SENG KANG,GIRLS' SCHOOL,SECONDARY
310,ST. JOSEPH'S INSTITUTION,38 MALCOLM ROAD,308274,STEVENS MRT,"105, 132, 151, 153, 154, 156, 186, 190, 700, 960, 972",NOVENA,CO-ED SCHOOL,MIXED LEVEL
311,ST. MARGARET'S SECONDARY SCHOOL,111 FARRER ROAD,259240,FARRER ROAD MRT,"48, 93, 153, 165, 174, 186, 855, 961",BUKIT TIMAH,GIRLS' SCHOOL,SECONDARY
312,ST. PATRICK'S SCHOOL,490 EAST COAST ROAD,429058,KEMBANGAN MRT,"10,12,13,14,16,31,32,36,40,48,55,76,155,135,196,197",BEDOK,BOYS' SCHOOL,SECONDARY
313,CHIJ ST. THERESA'S CONVENT,160 LOWER DELTA ROAD,99138,"HARBOURFRONT MRT, TIONG BAHRU MRT","65, 121, 123, 123M, 124, 131, 131M, 195, 195A, 272, 855",BUKIT MERAH,GIRLS' SCHOOL,SECONDARY
314,CHRIST CHURCH SECONDARY SCHOOL,20 WOODLANDS DRIVE 17,737924,WOODLANDS MRT,901,WOODLANDS,CO-ED SCHOOL,SECONDARY
315,PAYA LEBAR METHODIST GIRLS' SCHOOL (SECONDARY),296 LOR AH SOO,536742,"KOVAN MRT, SERANGOON MRT","45, 53, 53M, 62, 113",HOUGANG,GIRLS' SCHOOL,SECONDARY
316,YUYING SECONDARY SCHOOL,47 HOUGANG AVENUE 1,538884,"KOVAN MRT, SERANGOON MRT, HOUGANG MRT","25,51,53,53M,55,62,87,113,119,151,854",HOUGANG,CO-ED SCHOOL,SECONDARY
317,KUO CHUAN PRESBYTERIAN SECONDARY SCHOOL,10 BISHAN STREET 13,579795,BISHAN MRT,"53, 54, 56, 410G, 410W",BISHAN,CO-ED SCHOOL,SECONDARY
318,ST. HILDA'S SECONDARY SCHOOL,2 TAMPINES STREET 82,528986,"TAMPINES MRT, TAMPINES WEST MRT","22, 129, 293, 298",TAMPINES,CO-ED SCHOOL,SECONDARY
319,METHODIST GIRLS' SCHOOL (SECONDARY),11 BLACKMORE DRIVE,599986,KING ALBERT PARK MRT,"66, 67, 74, 77, 151, 154, 157, 170, 171, 174, 563, 852, 961, 970",BUKIT TIMAH,GIRLS' SCHOOL,SECONDARY
320,HAI SING CATHOLIC SCHOOL,9 PASIR RIS DRIVE 6,519421,PASIR RIS MRT,"3, 5, 6, 12, 17, 21, 89, 354, 358",PASIR RIS,CO-ED SCHOOL,SECONDARY
321,ANGLO-CHINESE SCHOOL (BARKER ROAD),60 BARKER ROAD,309919,"NEWTON MRT, STEVENS MRT","48, 66, 67, 170, 171, 700, 960",NOVENA,BOYS' SCHOOL,SECONDARY
322,ANGLICAN HIGH SCHOOL,600 UPPER CHANGI ROAD,487012,TANAH MERAH MRT,"2, 9, 12, 14, 24, 31, 35, 38, 45, 47, 48",BEDOK,CO-ED SCHOOL,SECONDARY
323,CATHOLIC HIGH SCHOOL,9 BISHAN STREET 22,579767,BISHAN MRT,"13, 52, 54, 88, 156, 162, 162M, 410",BISHAN,BOYS' SCHOOL,MIXED LEVEL
324,CHUNG CHENG HIGH SCHOOL (MAIN),50 GOODMAN ROAD,439012,DAKOTA MRT,"10,12,14,16,30,31,32,33,40,43,135,134,196,197",MARINE PARADE,CO-ED SCHOOL,SECONDARY
325,CHUNG CHENG HIGH SCHOOL (YISHUN),11 YISHUN STREET 61,768547,KHATIB MRT,"85, 811, 812, 851, 852, 853, 854, 855, 858, 860, 965, 969",YISHUN,CO-ED SCHOOL,SECONDARY
326,HOLY INNOCENTS' HIGH SCHOOL,1191 UPPER SERANGOON ROAD,534786,HOUGANG MRT,"27, 72, 74, 80, 87, 89, 101, 107, 113, 116, 119, 132, 136, 147, 153, 161, 165, 324, 325",HOUGANG,CO-ED SCHOOL,SECONDARY
327,MARIS STELLA HIGH SCHOOL,25 MOUNT VERNON ROAD,368051,BARTLEY MRT,"28, 93, 100, 135, 155, 158",TOA PAYOH,BOYS' SCHOOL,MIXED LEVEL
328,NAN CHIAU HIGH SCHOOL,20 ANCHORVALE LINK,545079,"SENGKANG MRT, RENJONG LRT, TONGKANG LRT","43, 83, 85, 109, 156, 159, 161, 163, 372",SENG KANG,CO-ED SCHOOL,SECONDARY
329,NANYANG GIRLS' HIGH SCHOOL,2 LINDEN DRIVE,288683,"SIXTH AVENUE MRT, TAN KAH KEE MRT","66, 67, 74, 151, 154, 156, 157, 170, 171, 174, 852, 961",BUKIT TIMAH,GIRLS' SCHOOL,SECONDARY
330,CHIJ ST. NICHOLAS GIRLS' SCHOOL,501 ANG MO KIO STREET 13,569405,"ANG MO KIO MRT, YIO CHU KANG MRT","76, 265, 268, 269",ANG MO KIO,GIRLS' SCHOOL,MIXED LEVEL
331,MARYMOUNT CONVENT SCHOOL,20 MARYMOUNT ROAD,297754,Braddell MRT Station or  Caldecott MRT Station,"141, 235",TOA PAYOH,GIRLS' SCHOOL,PRIMARY
332,MANJUSRI SECONDARY SCHOOL,20 UBI AVENUE 1,408940,"EUNOS MRT, MACPHERSON MRT, UBI MRT","5, 8, 15, 22, 25, 45, 51, 55, 59, 61, 63, 63M, 65, 66, 93, 94, 854",GEYLANG,CO-ED SCHOOL,SECONDARY
333,PRESBYTERIAN HIGH SCHOOL,5209 ANG MO KIO AVENUE 6,569845,YIO CHU KANG MRT,"45, 70, 71, 76, 86, 128, 668, 733, 825, 851, 852, 853",ANG MO KIO,CO-ED SCHOOL,SECONDARY
334,FAIRFIELD METHODIST SCHOOL (SECONDARY),102 DOVER ROAD,139649,"BUONA VISTA MRT, ONE-NORTH MRT","33,14,74,166,196",QUEENSTOWN,CO-ED SCHOOL,SECONDARY
335,NGEE ANN SECONDARY SCHOOL,1 TAMPINES STREET 32,529283,"TAMPINES MRT, SIMEI MRT, TAMPINES EAST MRT","3, 4, 8, 9, 12, 17, 18, 19, 21, 28, 29, 34, 37, 38, 39, 59, 81, 291, 293, 518, 552",TAMPINES,CO-ED SCHOOL,SECONDARY
336,SINGAPORE SPORTS SCHOOL,1 CHAMPIONS WAY,737913,Woodlands MRT,"900A, 901",WOODLANDS,CO-ED SCHOOL,MIXED LEVEL
337,NUS HIGH SCHOOL OF MATHEMATICS AND SCIENCE,20 CLEMENTI AVENUE 1,129957,Nearest MRT Stations - Clementi and Dover,"96, 97, 151, 183, 188, 196, 197, 198",CLEMENTI,CO-ED SCHOOL,MIXED LEVEL
338,"SCHOOL OF THE ARTS, SINGAPORE",1 ZUBIR SAID DRIVE,227968,Dhoby Ghaut,"7, 14, 16, 36, 64, 65, 77, 106, 111, 124, 128, 131, 147, 162, 166, 167, 171, 174, 175, 190, 502, 518, 700, 857,",CENTRAL,CO-ED SCHOOL,MIXED LEVEL
339,NORTHLIGHT SCHOOL,151 TOWNER ROAD,327830,BOON KENG (NE9),"21, 125, 130, 139, 145, 13, 23, 31, 64, 65, 133, 147, 857, 985",MARINE PARADE,CO-ED SCHOOL,SECONDARY
340,ASSUMPTION PATHWAY SCHOOL,30 CASHEW ROAD,679697,"Downtown Line 2, Cashew mrt","SBS Transit No 170    SMRT No 67, 75, 171, 176, 178, 184, 961, 963 & 970",BUKIT PANJANG,CO-ED SCHOOL,SECONDARY
341,"SCHOOL OF SCIENCE AND TECHNOLOGY, SINGAPORE",1 TECHNOLOGY DRIVE,138572,Dover,"14, 74, 105, 106, 147, 166, 185",CLEMENTI,CO-ED SCHOOL,SECONDARY
342,CREST SECONDARY SCHOOL,561 JURONG EAST STREET 24,609561,"BUKIT BATOK MRT, JURONG EAST MRT","52, 98, 98M, 105, 176, 183, 187, 188, 188R, 333, 502,",JURONG EAST,CO-ED SCHOOL,SECONDARY
343,SPECTRA SECONDARY SCHOOL,1 WOODLANDS DRIVE 64,737758,ADMIRALTY MRT,"904, 912, 913, 962, 964, 965, 969",WOODLANDS,CO-ED SCHOOL,SECONDARY
